"filename", "language", "Python", "Markdown", "comment", "blank", "total"
"c:\Users\hp\Desktop\src\README.md", "Markdown", 0, 3, 0, 2, 5
"c:\Users\hp\Desktop\src\TransientGossipToken.py", "Python", 19, 0, 0, 6, 25
"c:\Users\hp\Desktop\src\TransitionEdge.py", "Python", 18, 0, 21, 6, 45
"c:\Users\hp\Desktop\src\bubble.py", "Python", 49, 0, 51, 19, 119
"c:\Users\hp\Desktop\src\comments.py", "Python", 7, 0, 29, 4, 40
"c:\Users\hp\Desktop\src\emotion_embedder.py", "Python", 40, 0, 67, 16, 123
"c:\Users\hp\Desktop\src\main.py", "Python", 114, 0, 23, 31, 168
"c:\Users\hp\Desktop\src\processed_comment.py", "Python", 6, 0, 20, 4, 30
"c:\Users\hp\Desktop\src\reader.py", "Python", 191, 0, 276, 63, 530
"c:\Users\hp\Desktop\src\semantic_embedder.py", "Python", 8, 0, 37, 8, 53
"c:\Users\hp\Desktop\src\simulation_engine.py", "Python", 59, 0, 5, 23, 87
"c:\Users\hp\Desktop\src\user.py", "Python", 24, 0, 50, 7, 81
"Total", "-", 535, 3, 579, 189, 1306